insert into restaurants (id, name, region, active)
values
  ('mcdonalds', 'McDonald''s', 'US/PR', true),
  ('wendys', 'Wendy''s', 'US/PR', true),
  ('tacobell', 'Taco Bell', 'US/PR', true),
  ('subway', 'Subway', 'US/PR', true),
  ('chipotle', 'Chipotle', 'US/PR', true),
  ('chickfila', 'Chick-fil-A', 'US/PR', true)
on conflict (id) do update set
  name = excluded.name,
  region = excluded.region,
  active = excluded.active;

insert into restaurant_items (
  id, restaurant_id, name, category, serving_description,
  calories, protein, carbs, fat, sodium_nullable,
  source_version, source_url, contexts, tags, popularity_prior, active
)
values
  (
    'mcd_egg_mcmuffin',
    'mcdonalds',
    'Egg McMuffin',
    'Breakfast',
    'Classic egg, Canadian bacon, cheese, English muffin',
    310,
    17,
    30,
    13,
    770,
    '2026-04-curated',
    'https://www.mcdonalds.com/us/en-us/about-our-food/nutrition-calculator.html',
    array['breakfast', 'snack', 'drive-thru', 'cheap'],
    array['breakfast'],
    0.78,
    true
  ),
  (
    'mcd_mcrispy',
    'mcdonalds',
    'McCrispy',
    'Sandwich',
    'Crispy chicken sandwich',
    470,
    26,
    45,
    20,
    1080,
    '2026-04-curated',
    'https://www.mcdonalds.com/us/en-us/about-our-food/nutrition-calculator.html',
    array['lunch', 'dinner', 'drive-thru', 'latenight'],
    array['portable'],
    0.68,
    true
  ),
  (
    'mcd_artisan_grilled',
    'mcdonalds',
    'Grilled Chicken Sandwich',
    'Sandwich',
    'Grilled chicken on artisan roll',
    380,
    36,
    44,
    7,
    980,
    '2026-04-curated',
    'https://www.mcdonalds.com/us/en-us/about-our-food/nutrition-calculator.html',
    array['lunch', 'dinner', 'post-workout', 'drive-thru'],
    array['high-protein'],
    0.74,
    true
  ),
  (
    'mcd_6_piece_nuggets',
    'mcdonalds',
    '6 Piece Chicken McNuggets',
    'Snack',
    'Six-piece nuggets',
    250,
    14,
    15,
    15,
    500,
    '2026-04-curated',
    'https://www.mcdonalds.com/us/en-us/about-our-food/nutrition-calculator.html',
    array['snack', 'drive-thru', 'cheap', 'latenight'],
    array['snack'],
    0.7,
    true
  ),
  (
    'wendys_grilled_wrap',
    'wendys',
    'Grilled Chicken Wrap',
    'Wrap',
    'Grilled chicken, lettuce, cheese, ranch',
    420,
    27,
    34,
    18,
    1150,
    '2026-04-curated',
    'https://www.wendys.com/en-uk/nutrition-allergens',
    array['lunch', 'snack', 'drive-thru'],
    array['portable'],
    0.66,
    true
  ),
  (
    'wendys_chili_large',
    'wendys',
    'Large Chili',
    'Bowl',
    'Large beef chili',
    330,
    23,
    31,
    12,
    1230,
    '2026-04-curated',
    'https://www.wendys.com/en-uk/nutrition-allergens',
    array['lunch', 'dinner', 'drive-thru', 'cheap'],
    array['filling'],
    0.75,
    true
  ),
  (
    'wendys_grilled_chicken',
    'wendys',
    'Grilled Chicken Sandwich',
    'Sandwich',
    'Grilled chicken sandwich with lettuce and tomato',
    370,
    34,
    36,
    9,
    1110,
    '2026-04-curated',
    'https://www.wendys.com/en-uk/nutrition-allergens',
    array['lunch', 'dinner', 'post-workout', 'drive-thru'],
    array['high-protein'],
    0.8,
    true
  ),
  (
    'wendys_jr_hamburger',
    'wendys',
    'Jr. Hamburger',
    'Burger',
    'Single patty junior burger',
    250,
    13,
    25,
    11,
    470,
    '2026-04-curated',
    'https://www.wendys.com/en-uk/nutrition-allergens',
    array['snack', 'lunch', 'drive-thru', 'cheap'],
    array['portable'],
    0.58,
    true
  ),
  (
    'taco_power_menu_bowl',
    'tacobell',
    'Power Menu Bowl Chicken',
    'Bowl',
    'Chicken bowl with rice, beans, lettuce and guac',
    470,
    26,
    50,
    18,
    1230,
    '2026-04-curated',
    'https://www.tacobell.com/nutrition/calculator',
    array['lunch', 'dinner', 'drive-thru', 'latenight'],
    array['filling'],
    0.7,
    true
  ),
  (
    'taco_chicken_soft_taco',
    'tacobell',
    'Chicken Soft Taco',
    'Taco',
    'Soft taco with chicken and lettuce',
    170,
    12,
    16,
    7,
    460,
    '2026-04-curated',
    'https://www.tacobell.com/nutrition/calculator',
    array['snack', 'lunch', 'drive-thru', 'cheap', 'latenight'],
    array['snack', 'portable'],
    0.63,
    true
  ),
  (
    'taco_chicken_quesadilla',
    'tacobell',
    'Chicken Quesadilla',
    'Entree',
    'Grilled quesadilla with chicken',
    510,
    27,
    38,
    26,
    1260,
    '2026-04-curated',
    'https://www.tacobell.com/nutrition/calculator',
    array['lunch', 'dinner', 'drive-thru', 'latenight'],
    array['contains-dairy'],
    0.67,
    true
  ),
  (
    'taco_black_bean_crunchwrap',
    'tacobell',
    'Black Bean Crunchwrap',
    'Entree',
    'Black bean crunchwrap supreme',
    520,
    13,
    73,
    19,
    1120,
    '2026-04-curated',
    'https://www.tacobell.com/nutrition/calculator',
    array['lunch', 'dinner', 'drive-thru', 'latenight', 'cheap'],
    array['vegetarian'],
    0.56,
    true
  ),
  (
    'subway_rotisserie_6',
    'subway',
    'Rotisserie-Style Chicken 6-inch',
    'Sub',
    '6-inch rotisserie chicken on Italian bread',
    350,
    29,
    39,
    8,
    880,
    '2026-04-curated',
    'https://www.subway.com/en-us/menunutrition/menu/nutrition',
    array['lunch', 'dinner', 'post-workout', 'no-cook'],
    array['high-protein'],
    0.77,
    true
  ),
  (
    'subway_turkey_6',
    'subway',
    'Turkey Breast 6-inch',
    'Sub',
    '6-inch turkey breast with veggies',
    280,
    18,
    40,
    4,
    760,
    '2026-04-curated',
    'https://www.subway.com/en-us/menunutrition/menu/nutrition',
    array['lunch', 'snack', 'no-cook', 'cheap'],
    array['lean'],
    0.72,
    true
  ),
  (
    'subway_oven_roasted_chicken',
    'subway',
    'Oven Roasted Chicken Protein Bowl',
    'Protein Bowl',
    'Chicken protein bowl with veggies',
    310,
    32,
    14,
    10,
    920,
    '2026-04-curated',
    'https://www.subway.com/en-us/menunutrition/menu/nutrition',
    array['lunch', 'dinner', 'post-workout', 'no-cook', 'meal-prep'],
    array['high-protein', 'low-carb'],
    0.79,
    true
  ),
  (
    'subway_egg_cheese',
    'subway',
    'Egg and Cheese 6-inch',
    'Breakfast',
    'Egg and cheese breakfast sandwich',
    360,
    19,
    39,
    14,
    770,
    '2026-04-curated',
    'https://www.subway.com/en-us/menunutrition/menu/nutrition',
    array['breakfast'],
    array['breakfast', 'contains-dairy', 'vegetarian'],
    0.54,
    true
  ),
  (
    'chipotle_chicken_bowl',
    'chipotle',
    'Chicken Burrito Bowl',
    'Bowl',
    'Chicken, rice, fajita veggies, pico',
    560,
    42,
    52,
    18,
    980,
    '2026-04-curated',
    'https://www.chipotle.com/nutrition-calculator',
    array['lunch', 'dinner', 'post-workout', 'meal-prep', 'no-cook'],
    array['high-protein', 'filling'],
    0.82,
    true
  ),
  (
    'chipotle_steak_salad',
    'chipotle',
    'Steak Salad',
    'Salad',
    'Steak, romaine, fajita veggies, salsa',
    420,
    36,
    18,
    21,
    1010,
    '2026-04-curated',
    'https://www.chipotle.com/nutrition-calculator',
    array['lunch', 'dinner', 'meal-prep', 'no-cook'],
    array['high-protein', 'low-carb'],
    0.73,
    true
  ),
  (
    'chipotle_sofritas_bowl',
    'chipotle',
    'Sofritas Bowl',
    'Bowl',
    'Sofritas, rice, beans, pico, lettuce',
    520,
    18,
    62,
    21,
    940,
    '2026-04-curated',
    'https://www.chipotle.com/nutrition-calculator',
    array['lunch', 'dinner', 'meal-prep', 'no-cook'],
    array['vegetarian'],
    0.6,
    true
  ),
  (
    'chipotle_chicken_salad',
    'chipotle',
    'Chicken Salad',
    'Salad',
    'Chicken, lettuce, fajita veggies, pico',
    400,
    39,
    16,
    17,
    930,
    '2026-04-curated',
    'https://www.chipotle.com/nutrition-calculator',
    array['lunch', 'dinner', 'post-workout', 'meal-prep', 'no-cook'],
    array['high-protein', 'low-carb'],
    0.78,
    true
  ),
  (
    'cfa_grilled_nuggets_12',
    'chickfila',
    '12-Count Grilled Nuggets',
    'Entree',
    'Grilled nuggets',
    200,
    38,
    2,
    4,
    660,
    '2026-04-curated',
    'https://www.chick-fil-a.com/nutrition-allergens',
    array['snack', 'lunch', 'post-workout', 'drive-thru', 'meal-prep'],
    array['high-protein', 'low-carb'],
    0.88,
    true
  ),
  (
    'cfa_grilled_sandwich',
    'chickfila',
    'Grilled Chicken Sandwich',
    'Sandwich',
    'Grilled chicken sandwich with lettuce and tomato',
    390,
    28,
    44,
    11,
    760,
    '2026-04-curated',
    'https://www.chick-fil-a.com/nutrition-allergens',
    array['lunch', 'dinner', 'drive-thru'],
    array['lean'],
    0.84,
    true
  ),
  (
    'cfa_egg_white_grill',
    'chickfila',
    'Egg White Grill',
    'Breakfast',
    'Grilled chicken, egg whites, English muffin',
    290,
    27,
    29,
    8,
    990,
    '2026-04-curated',
    'https://www.chick-fil-a.com/nutrition-allergens',
    array['breakfast', 'post-workout', 'drive-thru'],
    array['breakfast', 'high-protein'],
    0.76,
    true
  ),
  (
    'cfa_cool_wrap',
    'chickfila',
    'Grilled Cool Wrap',
    'Wrap',
    'Grilled chicken wrap with lettuce and cheese',
    350,
    43,
    30,
    13,
    980,
    '2026-04-curated',
    'https://www.chick-fil-a.com/nutrition-allergens',
    array['lunch', 'dinner', 'post-workout', 'drive-thru', 'meal-prep'],
    array['high-protein', 'contains-dairy'],
    0.83,
    true
  )
on conflict (id) do update set
  restaurant_id = excluded.restaurant_id,
  name = excluded.name,
  category = excluded.category,
  serving_description = excluded.serving_description,
  calories = excluded.calories,
  protein = excluded.protein,
  carbs = excluded.carbs,
  fat = excluded.fat,
  sodium_nullable = excluded.sodium_nullable,
  source_version = excluded.source_version,
  source_url = excluded.source_url,
  contexts = excluded.contexts,
  tags = excluded.tags,
  popularity_prior = excluded.popularity_prior,
  active = excluded.active;

insert into item_modifications (
  id, restaurant_item_id, modification_name,
  calorie_delta, protein_delta, carbs_delta, fat_delta
)
values
  (
    'mcd_no_cheese',
    'mcd_egg_mcmuffin',
    'Remove cheese',
    -50,
    -3,
    -1,
    -4
  ),
  (
    'mcd_no_mayo',
    'mcd_mcrispy',
    'No mayo',
    -70,
    0,
    0,
    -7
  ),
  (
    'mcd_extra_patty',
    'mcd_artisan_grilled',
    'Add extra grilled chicken',
    110,
    18,
    0,
    2
  ),
  (
    'mcd_add_4_nuggets',
    'mcd_6_piece_nuggets',
    'Add 4 nuggets',
    170,
    9,
    10,
    10
  ),
  (
    'wendys_no_ranch',
    'wendys_grilled_wrap',
    'No ranch',
    -90,
    0,
    -2,
    -9
  ),
  (
    'wendys_add_chicken',
    'wendys_chili_large',
    'Pair with grilled chicken patty',
    180,
    33,
    0,
    4
  ),
  (
    'wendys_no_mayo',
    'wendys_grilled_chicken',
    'No mayo',
    -60,
    0,
    0,
    -6
  ),
  (
    'wendys_double_patty',
    'wendys_jr_hamburger',
    'Add extra patty',
    90,
    10,
    0,
    6
  ),
  (
    'taco_no_guac',
    'taco_power_menu_bowl',
    'No guac',
    -70,
    0,
    -4,
    -6
  ),
  (
    'taco_add_soft_taco',
    'taco_chicken_soft_taco',
    'Add another taco',
    170,
    12,
    16,
    7
  ),
  (
    'taco_extra_chicken',
    'taco_chicken_quesadilla',
    'Extra chicken',
    60,
    10,
    0,
    1
  ),
  (
    'taco_add_black_beans',
    'taco_black_bean_crunchwrap',
    'Extra black beans',
    50,
    3,
    9,
    0
  ),
  (
    'subway_double_meat',
    'subway_rotisserie_6',
    'Double meat',
    110,
    19,
    1,
    2
  ),
  (
    'subway_add_avocado',
    'subway_turkey_6',
    'Add avocado',
    70,
    1,
    4,
    6
  ),
  (
    'subway_extra_chicken',
    'subway_oven_roasted_chicken',
    'Extra chicken',
    60,
    11,
    1,
    1
  ),
  (
    'subway_add_egg_whites',
    'subway_egg_cheese',
    'Add egg whites',
    40,
    8,
    1,
    0
  ),
  (
    'chipotle_light_rice',
    'chipotle_chicken_bowl',
    'Light rice',
    -80,
    0,
    -15,
    0
  ),
  (
    'chipotle_add_black_beans',
    'chipotle_steak_salad',
    'Add black beans',
    130,
    8,
    22,
    1
  ),
  (
    'chipotle_extra_sofritas',
    'chipotle_sofritas_bowl',
    'Extra sofritas',
    150,
    8,
    9,
    10
  ),
  (
    'chipotle_add_corn',
    'chipotle_chicken_salad',
    'Add corn salsa',
    80,
    2,
    16,
    1
  ),
  (
    'cfa_add_fruit',
    'cfa_grilled_nuggets_12',
    'Pair with fruit cup',
    70,
    1,
    18,
    0
  ),
  (
    'cfa_no_honey_bbq',
    'cfa_grilled_sandwich',
    'Skip sauce',
    -45,
    0,
    -11,
    0
  ),
  (
    'cfa_add_egg_whites',
    'cfa_egg_white_grill',
    'Extra egg whites',
    30,
    6,
    1,
    0
  ),
  (
    'cfa_no_dressing',
    'cfa_cool_wrap',
    'No dressing',
    -80,
    0,
    -6,
    -8
  )
on conflict (id) do update set
  restaurant_item_id = excluded.restaurant_item_id,
  modification_name = excluded.modification_name,
  calorie_delta = excluded.calorie_delta,
  protein_delta = excluded.protein_delta,
  carbs_delta = excluded.carbs_delta,
  fat_delta = excluded.fat_delta;
