insert into restaurants (id, name, region, active)
values
  ('mcdonalds', 'McDonald''s', 'US/PR', true),
  ('wendys', 'Wendy''s', 'US/PR', true),
  ('tacobell', 'Taco Bell', 'US/PR', true),
  ('subway', 'Subway', 'US/PR', true),
  ('chipotle', 'Chipotle', 'US/PR', true),
  ('chickfila', 'Chick-fil-A', 'US/PR', true)
on conflict (id) do update set
  name = excluded.name,
  region = excluded.region,
  active = excluded.active;

insert into restaurant_items (
  id, restaurant_id, name, category, serving_description,
  calories, protein, carbs, fat, sodium_nullable,
  source_version, source_url, contexts, tags, popularity_prior, active
)
values
  (
    'mcd_egg_mcmuffin',
    'mcdonalds',
    'Egg McMuffin',
    'Breakfast',
    'Classic egg, Canadian bacon, cheese, English muffin',
    310,
    17,
    30,
    13,
    770,
    '2026-04-curated',
    'https://www.mcdonalds.com/us/en-us/about-our-food/nutrition-calculator.html',
    array['breakfast', 'snack', 'drive-thru', 'cheap'],
    array['breakfast'],
    0.78,
    true
  ),
  (
    'mcd_mcrispy',
    'mcdonalds',
    'McCrispy',
    'Sandwich',
    'Crispy chicken sandwich',
    470,
    26,
    45,
    20,
    1080,
    '2026-04-curated',
    'https://www.mcdonalds.com/us/en-us/about-our-food/nutrition-calculator.html',
    array['lunch', 'dinner', 'drive-thru', 'latenight'],
    array['portable'],
    0.68,
    true
  ),
  (
    'mcd_artisan_grilled',
    'mcdonalds',
    'Grilled Chicken Sandwich',
    'Sandwich',
    'Grilled chicken on artisan roll',
    380,
    36,
    44,
    7,
    980,
    '2026-04-curated',
    'https://www.mcdonalds.com/us/en-us/about-our-food/nutrition-calculator.html',
    array['lunch', 'dinner', 'post-workout', 'drive-thru'],
    array['high-protein'],
    0.74,
    true
  ),
  (
    'mcd_6_piece_nuggets',
    'mcdonalds',
    '6 Piece Chicken McNuggets',
    'Snack',
    'Six-piece nuggets',
    250,
    14,
    15,
    15,
    500,
    '2026-04-curated',
    'https://www.mcdonalds.com/us/en-us/about-our-food/nutrition-calculator.html',
    array['snack', 'drive-thru', 'cheap', 'latenight'],
    array['snack'],
    0.7,
    true
  ),
  (
    'wendys_grilled_wrap',
    'wendys',
    'Grilled Chicken Wrap',
    'Wrap',
    'Grilled chicken, lettuce, cheese, ranch',
    420,
    27,
    34,
    18,
    1150,
    '2026-04-curated',
    'https://www.wendys.com/en-uk/nutrition-allergens',
    array['lunch', 'snack', 'drive-thru'],
    array['portable'],
    0.66,
    true
  ),
  (
    'wendys_chili_large',
    'wendys',
    'Large Chili',
    'Bowl',
    'Large beef chili',
    330,
    23,
    31,
    12,
    1230,
    '2026-04-curated',
    'https://www.wendys.com/en-uk/nutrition-allergens',
    array['lunch', 'dinner', 'drive-thru', 'cheap'],
    array['filling'],
    0.75,
    true
  ),
  (
    'wendys_grilled_chicken',
    'wendys',
    'Grilled Chicken Sandwich',
    'Sandwich',
    'Grilled chicken sandwich with lettuce and tomato',
    370,
    34,
    36,
    9,
    1110,
    '2026-04-curated',
    'https://www.wendys.com/en-uk/nutrition-allergens',
    array['lunch', 'dinner', 'post-workout', 'drive-thru'],
    array['high-protein'],
    0.8,
    true
  ),
  (
    'wendys_jr_hamburger',
    'wendys',
    'Jr. Hamburger',
    'Burger',
    'Single patty junior burger',
    250,
    13,
    25,
    11,
    470,
    '2026-04-curated',
    'https://www.wendys.com/en-uk/nutrition-allergens',
    array['snack', 'lunch', 'drive-thru', 'cheap'],
    array['portable'],
    0.58,
    true
  ),
  (
    'taco_power_menu_bowl',
    'tacobell',
    'Power Menu Bowl Chicken',
    'Bowl',
    'Chicken bowl with rice, beans, lettuce and guac',
    470,
    26,
    50,
    18,
    1230,
    '2026-04-curated',
    'https://www.tacobell.com/nutrition/calculator',
    array['lunch', 'dinner', 'drive-thru', 'latenight'],
    array['filling'],
    0.7,
    true
  ),
  (
    'taco_chicken_soft_taco',
    'tacobell',
    'Chicken Soft Taco',
    'Taco',
    'Soft taco with chicken and lettuce',
    170,
    12,
    16,
    7,
    460,
    '2026-04-curated',
    'https://www.tacobell.com/nutrition/calculator',
    array['snack', 'lunch', 'drive-thru', 'cheap', 'latenight'],
    array['snack', 'portable'],
    0.63,
    true
  ),
  (
    'taco_chicken_quesadilla',
    'tacobell',
    'Chicken Quesadilla',
    'Entree',
    'Grilled quesadilla with chicken',
    510,
    27,
    38,
    26,
    1260,
    '2026-04-curated',
    'https://www.tacobell.com/nutrition/calculator',
    array['lunch', 'dinner', 'drive-thru', 'latenight'],
    array['contains-dairy'],
    0.67,
    true
  ),
  (
    'taco_black_bean_crunchwrap',
    'tacobell',
    'Black Bean Crunchwrap',
    'Entree',
    'Black bean crunchwrap supreme',
    520,
    13,
    73,
    19,
    1120,
    '2026-04-curated',
    'https://www.tacobell.com/nutrition/calculator',
    array['lunch', 'dinner', 'drive-thru', 'latenight', 'cheap'],
    array['vegetarian'],
    0.56,
    true
  ),
  (
    'subway_rotisserie_6',
    'subway',
    'Rotisserie-Style Chicken 6-inch',
    'Sub',
    '6-inch rotisserie chicken on Italian bread',
    350,
    29,
    39,
    8,
    880,
    '2026-04-curated',
    'https://www.subway.com/en-us/menunutrition/menu/nutrition',
    array['lunch', 'dinner', 'post-workout', 'no-cook'],
    array['high-protein'],
    0.77,
    true
  ),
  (
    'subway_turkey_6',
    'subway',
    'Turkey Breast 6-inch',
    'Sub',
    '6-inch turkey breast with veggies',
    280,
    18,
    40,
    4,
    760,
    '2026-04-curated',
    'https://www.subway.com/en-us/menunutrition/menu/nutrition',
    array['lunch', 'snack', 'no-cook', 'cheap'],
    array['lean'],
    0.72,
    true
  ),
  (
    'subway_oven_roasted_chicken',
    'subway',
    'Oven Roasted Chicken Protein Bowl',
    'Protein Bowl',
    'Chicken protein bowl with veggies',
    310,
    32,
    14,
    10,
    920,
    '2026-04-curated',
    'https://www.subway.com/en-us/menunutrition/menu/nutrition',
    array['lunch', 'dinner', 'post-workout', 'no-cook', 'meal-prep'],
    array['high-protein', 'low-carb'],
    0.79,
    true
  ),
  (
    'subway_egg_cheese',
    'subway',
    'Egg and Cheese 6-inch',
    'Breakfast',
    'Egg and cheese breakfast sandwich',
    360,
    19,
    39,
    14,
    770,
    '2026-04-curated',
    'https://www.subway.com/en-us/menunutrition/menu/nutrition',
    array['breakfast'],
    array['breakfast', 'contains-dairy', 'vegetarian'],
    0.54,
    true
  ),
  (
    'chipotle_chicken_bowl',
    'chipotle',
    'Chicken Burrito Bowl',
    'Bowl',
    'Chicken, rice, fajita veggies, pico',
    560,
    42,
    52,
    18,
    980,
    '2026-04-curated',
    'https://www.chipotle.com/nutrition-calculator',
    array['lunch', 'dinner', 'post-workout', 'meal-prep', 'no-cook'],
    array['high-protein', 'filling'],
    0.82,
    true
  ),
  (
    'chipotle_steak_salad',
    'chipotle',
    'Steak Salad',
    'Salad',
    'Steak, romaine, fajita veggies, salsa',
    420,
    36,
    18,
    21,
    1010,
    '2026-04-curated',
    'https://www.chipotle.com/nutrition-calculator',
    array['lunch', 'dinner', 'meal-prep', 'no-cook'],
    array['high-protein', 'low-carb'],
    0.73,
    true
  ),
  (
    'chipotle_sofritas_bowl',
    'chipotle',
    'Sofritas Bowl',
    'Bowl',
    'Sofritas, rice, beans, pico, lettuce',
    520,
    18,
    62,
    21,
    940,
    '2026-04-curated',
    'https://www.chipotle.com/nutrition-calculator',
    array['lunch', 'dinner', 'meal-prep', 'no-cook'],
    array['vegetarian'],
    0.6,
    true
  ),
  (
    'chipotle_chicken_salad',
    'chipotle',
    'Chicken Salad',
    'Salad',
    'Chicken, lettuce, fajita veggies, pico',
    400,
    39,
    16,
    17,
    930,
    '2026-04-curated',
    'https://www.chipotle.com/nutrition-calculator',
    array['lunch', 'dinner', 'post-workout', 'meal-prep', 'no-cook'],
    array['high-protein', 'low-carb'],
    0.78,
    true
  ),
  (
    'cfa_grilled_nuggets_12',
    'chickfila',
    '12-Count Grilled Nuggets',
    'Entree',
    'Grilled nuggets',
    200,
    38,
    2,
    4,
    660,
    '2026-04-curated',
    'https://www.chick-fil-a.com/nutrition-allergens',
    array['snack', 'lunch', 'post-workout', 'drive-thru', 'meal-prep'],
    array['high-protein', 'low-carb'],
    0.88,
    true
  ),
  (
    'cfa_grilled_sandwich',
    'chickfila',
    'Grilled Chicken Sandwich',
    'Sandwich',
    'Grilled chicken sandwich with lettuce and tomato',
    390,
    28,
    44,
    11,
    760,
    '2026-04-curated',
    'https://www.chick-fil-a.com/nutrition-allergens',
    array['lunch', 'dinner', 'drive-thru'],
    array['lean'],
    0.84,
    true
  ),
  (
    'cfa_egg_white_grill',
    'chickfila',
    'Egg White Grill',
    'Breakfast',
    'Grilled chicken, egg whites, English muffin',
    290,
    27,
    29,
    8,
    990,
    '2026-04-curated',
    'https://www.chick-fil-a.com/nutrition-allergens',
    array['breakfast', 'post-workout', 'drive-thru'],
    array['breakfast', 'high-protein'],
    0.76,
    true
  ),
  (
    'cfa_cool_wrap',
    'chickfila',
    'Grilled Cool Wrap',
    'Wrap',
    'Grilled chicken wrap with lettuce and cheese',
    350,
    43,
    30,
    13,
    980,
    '2026-04-curated',
    'https://www.chick-fil-a.com/nutrition-allergens',
    array['lunch', 'dinner', 'post-workout', 'drive-thru', 'meal-prep'],
    array['high-protein', 'contains-dairy'],
    0.83,
    true
  ),
  (
    'mcd_sausage_egg_biscuit',
    'mcdonalds',
    'Sausage Egg McMuffin',
    'Breakfast',
    'Sausage patty, egg, cheese, English muffin',
    480,
    21,
    30,
    31,
    950,
    '2026-04-curated',
    'https://www.mcdonalds.com/us/en-us/about-our-food/nutrition-calculator.html',
    array['breakfast', 'drive-thru'],
    array['breakfast', 'contains-dairy'],
    0.72,
    true
  ),
  (
    'mcd_hamburger',
    'mcdonalds',
    'Hamburger',
    'Burger',
    'Classic single-patty beef hamburger',
    250,
    12,
    31,
    9,
    510,
    '2026-04-curated',
    'https://www.mcdonalds.com/us/en-us/about-our-food/nutrition-calculator.html',
    array['snack', 'lunch', 'cheap', 'drive-thru', 'latenight'],
    array['cheap'],
    0.55,
    true
  ),
  (
    'mcd_fruit_yogurt_parfait',
    'mcdonalds',
    'Fruit & Yogurt Parfait',
    'Snack',
    'Low-fat yogurt with berries and granola',
    150,
    4,
    30,
    2,
    70,
    '2026-04-curated',
    'https://www.mcdonalds.com/us/en-us/about-our-food/nutrition-calculator.html',
    array['breakfast', 'snack', 'cheap', 'no-cook'],
    array['light', 'contains-dairy', 'vegetarian'],
    0.5,
    true
  ),
  (
    'mcd_apple_slices',
    'mcdonalds',
    'Apple Slices',
    'Side',
    'A small bag of fresh apple slices',
    15,
    0,
    4,
    0,
    0,
    '2026-04-curated',
    'https://www.mcdonalds.com/us/en-us/about-our-food/nutrition-calculator.html',
    array['snack', 'cheap', 'no-cook'],
    array['light', 'vegetarian', 'vegan', 'dairy-free'],
    0.4,
    true
  ),
  (
    'wendys_baked_potato_plain',
    'wendys',
    'Plain Baked Potato',
    'Side',
    'Large baked russet potato, unseasoned',
    270,
    7,
    61,
    0,
    40,
    '2026-04-curated',
    'https://www.wendys.com/en-uk/nutrition-allergens',
    array['lunch', 'dinner', 'cheap', 'meal-prep'],
    array['vegetarian', 'vegan', 'dairy-free', 'lean'],
    0.6,
    true
  ),
  (
    'wendys_apple_pecan_salad',
    'wendys',
    'Apple Pecan Salad',
    'Salad',
    'Chicken, apples, cranberries, pecans, feta',
    430,
    34,
    32,
    19,
    1110,
    '2026-04-curated',
    'https://www.wendys.com/en-uk/nutrition-allergens',
    array['lunch', 'dinner', 'meal-prep', 'no-cook'],
    array['high-protein', 'contains-dairy'],
    0.68,
    true
  ),
  (
    'wendys_breakfast_baconator',
    'wendys',
    'Breakfast Baconator',
    'Breakfast',
    'Sausage, bacon, egg, cheese, brioche bun',
    730,
    34,
    36,
    49,
    1580,
    '2026-04-curated',
    'https://www.wendys.com/en-uk/nutrition-allergens',
    array['breakfast', 'drive-thru', 'post-workout'],
    array['high-protein', 'contains-dairy'],
    0.7,
    true
  ),
  (
    'taco_cantina_bowl_chicken',
    'tacobell',
    'Cantina Chicken Bowl',
    'Bowl',
    'Chicken, rice, black beans, lettuce, pico, guac',
    560,
    28,
    60,
    22,
    1420,
    '2026-04-curated',
    'https://www.tacobell.com/nutrition/calculator',
    array['lunch', 'dinner', 'meal-prep'],
    array['high-protein', 'filling'],
    0.74,
    true
  ),
  (
    'taco_crunchy_taco',
    'tacobell',
    'Crunchy Taco',
    'Taco',
    'Seasoned beef, lettuce, cheese in a crunchy shell',
    170,
    8,
    13,
    9,
    310,
    '2026-04-curated',
    'https://www.tacobell.com/nutrition/calculator',
    array['snack', 'lunch', 'cheap', 'drive-thru', 'latenight'],
    array['snack', 'contains-dairy'],
    0.62,
    true
  ),
  (
    'taco_veggie_power_bowl',
    'tacobell',
    'Veggie Power Menu Bowl',
    'Bowl',
    'Rice, beans, fajita veggies, guac, pico',
    430,
    12,
    58,
    16,
    1290,
    '2026-04-curated',
    'https://www.tacobell.com/nutrition/calculator',
    array['lunch', 'dinner', 'meal-prep', 'cheap'],
    array['vegetarian', 'vegan', 'dairy-free', 'filling'],
    0.58,
    true
  ),
  (
    'taco_crunchwrap_supreme',
    'tacobell',
    'Crunchwrap Supreme',
    'Entree',
    'Seasoned beef, nacho cheese, lettuce, tomato in a tortilla',
    540,
    16,
    71,
    21,
    1210,
    '2026-04-curated',
    'https://www.tacobell.com/nutrition/calculator',
    array['lunch', 'dinner', 'drive-thru', 'latenight'],
    array['filling', 'contains-dairy'],
    0.78,
    true
  ),
  (
    'subway_steak_cheese_6',
    'subway',
    'Steak & Cheese 6-inch',
    'Sub',
    '6-inch steak and cheese on Italian bread',
    380,
    26,
    42,
    11,
    920,
    '2026-04-curated',
    'https://www.subway.com/en-us/menunutrition/menu/nutrition',
    array['lunch', 'dinner', 'post-workout'],
    array['high-protein', 'contains-dairy'],
    0.68,
    true
  ),
  (
    'subway_tuna_protein_bowl',
    'subway',
    'Tuna Protein Bowl',
    'Protein Bowl',
    'Tuna, spinach, tomato, cucumbers, olives',
    470,
    27,
    11,
    36,
    780,
    '2026-04-curated',
    'https://www.subway.com/en-us/menunutrition/menu/nutrition',
    array['lunch', 'dinner', 'no-cook', 'meal-prep'],
    array['high-protein', 'low-carb'],
    0.6,
    true
  ),
  (
    'subway_veggie_delite_6',
    'subway',
    'Veggie Delite 6-inch',
    'Sub',
    '6-inch sub with all the fresh veggies',
    200,
    8,
    39,
    2,
    290,
    '2026-04-curated',
    'https://www.subway.com/en-us/menunutrition/menu/nutrition',
    array['lunch', 'snack', 'cheap', 'no-cook'],
    array['vegetarian', 'vegan', 'dairy-free', 'lean'],
    0.45,
    true
  ),
  (
    'chipotle_barbacoa_bowl',
    'chipotle',
    'Barbacoa Burrito Bowl',
    'Bowl',
    'Barbacoa beef, rice, black beans, salsa, lettuce',
    640,
    40,
    56,
    24,
    1360,
    '2026-04-curated',
    'https://www.chipotle.com/nutrition-calculator',
    array['lunch', 'dinner', 'post-workout', 'meal-prep'],
    array['high-protein', 'filling'],
    0.75,
    true
  ),
  (
    'chipotle_veggie_bowl',
    'chipotle',
    'Veggie Burrito Bowl',
    'Bowl',
    'Rice, beans, fajita veggies, salsa, guac',
    620,
    16,
    82,
    23,
    1070,
    '2026-04-curated',
    'https://www.chipotle.com/nutrition-calculator',
    array['lunch', 'dinner', 'meal-prep', 'no-cook'],
    array['vegetarian', 'vegan', 'dairy-free', 'filling'],
    0.64,
    true
  ),
  (
    'chipotle_kids_chicken_taco',
    'chipotle',
    'Kids Build-Your-Own Chicken Soft Taco',
    'Taco',
    'Soft taco with chicken and cheese (kids size)',
    190,
    17,
    14,
    7,
    390,
    '2026-04-curated',
    'https://www.chipotle.com/nutrition-calculator',
    array['snack', 'lunch', 'cheap', 'no-cook'],
    array['high-protein', 'light'],
    0.48,
    true
  ),
  (
    'cfa_market_salad',
    'chickfila',
    'Grilled Market Salad',
    'Salad',
    'Grilled chicken, mixed greens, berries, granola, cheese',
    340,
    29,
    29,
    13,
    710,
    '2026-04-curated',
    'https://www.chick-fil-a.com/nutrition-allergens',
    array['lunch', 'dinner', 'post-workout', 'meal-prep', 'no-cook'],
    array['high-protein', 'contains-dairy'],
    0.72,
    true
  ),
  (
    'cfa_greek_yogurt_parfait',
    'chickfila',
    'Greek Yogurt Parfait',
    'Snack',
    'Vanilla Greek yogurt with granola and berries',
    240,
    14,
    37,
    4,
    85,
    '2026-04-curated',
    'https://www.chick-fil-a.com/nutrition-allergens',
    array['breakfast', 'snack', 'no-cook'],
    array['high-protein', 'contains-dairy', 'vegetarian'],
    0.62,
    true
  ),
  (
    'cfa_spicy_deluxe',
    'chickfila',
    'Spicy Chicken Deluxe Sandwich',
    'Sandwich',
    'Spicy breaded chicken, lettuce, tomato, cheese',
    540,
    29,
    45,
    26,
    1700,
    '2026-04-curated',
    'https://www.chick-fil-a.com/nutrition-allergens',
    array['lunch', 'dinner', 'drive-thru'],
    array['high-protein', 'contains-dairy'],
    0.72,
    true
  ),
  (
    'cfa_grilled_nuggets_8',
    'chickfila',
    '8-Count Grilled Nuggets',
    'Entree',
    'Grilled nuggets (smaller portion)',
    130,
    25,
    1,
    3,
    440,
    '2026-04-curated',
    'https://www.chick-fil-a.com/nutrition-allergens',
    array['snack', 'lunch', 'post-workout', 'drive-thru', 'cheap'],
    array['high-protein', 'low-carb', 'dairy-free'],
    0.82,
    true
  )
on conflict (id) do update set
  restaurant_id = excluded.restaurant_id,
  name = excluded.name,
  category = excluded.category,
  serving_description = excluded.serving_description,
  calories = excluded.calories,
  protein = excluded.protein,
  carbs = excluded.carbs,
  fat = excluded.fat,
  sodium_nullable = excluded.sodium_nullable,
  source_version = excluded.source_version,
  source_url = excluded.source_url,
  contexts = excluded.contexts,
  tags = excluded.tags,
  popularity_prior = excluded.popularity_prior,
  active = excluded.active;

insert into item_modifications (
  id, restaurant_item_id, modification_name,
  calorie_delta, protein_delta, carbs_delta, fat_delta
)
values
  (
    'mcd_no_cheese',
    'mcd_egg_mcmuffin',
    'Remove cheese',
    -50,
    -3,
    -1,
    -4
  ),
  (
    'mcd_no_mayo',
    'mcd_mcrispy',
    'No mayo',
    -70,
    0,
    0,
    -7
  ),
  (
    'mcd_extra_patty',
    'mcd_artisan_grilled',
    'Add extra grilled chicken',
    110,
    18,
    0,
    2
  ),
  (
    'mcd_add_4_nuggets',
    'mcd_6_piece_nuggets',
    'Add 4 nuggets',
    170,
    9,
    10,
    10
  ),
  (
    'wendys_no_ranch',
    'wendys_grilled_wrap',
    'No ranch',
    -90,
    0,
    -2,
    -9
  ),
  (
    'wendys_add_chicken',
    'wendys_chili_large',
    'Pair with grilled chicken patty',
    180,
    33,
    0,
    4
  ),
  (
    'wendys_no_mayo',
    'wendys_grilled_chicken',
    'No mayo',
    -60,
    0,
    0,
    -6
  ),
  (
    'wendys_double_patty',
    'wendys_jr_hamburger',
    'Add extra patty',
    90,
    10,
    0,
    6
  ),
  (
    'taco_no_guac',
    'taco_power_menu_bowl',
    'No guac',
    -70,
    0,
    -4,
    -6
  ),
  (
    'taco_add_soft_taco',
    'taco_chicken_soft_taco',
    'Add another taco',
    170,
    12,
    16,
    7
  ),
  (
    'taco_extra_chicken',
    'taco_chicken_quesadilla',
    'Extra chicken',
    60,
    10,
    0,
    1
  ),
  (
    'taco_add_black_beans',
    'taco_black_bean_crunchwrap',
    'Extra black beans',
    50,
    3,
    9,
    0
  ),
  (
    'subway_double_meat',
    'subway_rotisserie_6',
    'Double meat',
    110,
    19,
    1,
    2
  ),
  (
    'subway_add_avocado',
    'subway_turkey_6',
    'Add avocado',
    70,
    1,
    4,
    6
  ),
  (
    'subway_extra_chicken',
    'subway_oven_roasted_chicken',
    'Extra chicken',
    60,
    11,
    1,
    1
  ),
  (
    'subway_add_egg_whites',
    'subway_egg_cheese',
    'Add egg whites',
    40,
    8,
    1,
    0
  ),
  (
    'chipotle_light_rice',
    'chipotle_chicken_bowl',
    'Light rice',
    -80,
    0,
    -15,
    0
  ),
  (
    'chipotle_add_black_beans',
    'chipotle_steak_salad',
    'Add black beans',
    130,
    8,
    22,
    1
  ),
  (
    'chipotle_extra_sofritas',
    'chipotle_sofritas_bowl',
    'Extra sofritas',
    150,
    8,
    9,
    10
  ),
  (
    'chipotle_add_corn',
    'chipotle_chicken_salad',
    'Add corn salsa',
    80,
    2,
    16,
    1
  ),
  (
    'cfa_add_fruit',
    'cfa_grilled_nuggets_12',
    'Pair with fruit cup',
    70,
    1,
    18,
    0
  ),
  (
    'cfa_no_honey_bbq',
    'cfa_grilled_sandwich',
    'Skip sauce',
    -45,
    0,
    -11,
    0
  ),
  (
    'cfa_add_egg_whites',
    'cfa_egg_white_grill',
    'Extra egg whites',
    30,
    6,
    1,
    0
  ),
  (
    'cfa_no_dressing',
    'cfa_cool_wrap',
    'No dressing',
    -80,
    0,
    -6,
    -8
  ),
  (
    'mcd_no_sausage',
    'mcd_sausage_egg_biscuit',
    'Swap sausage for Canadian bacon',
    -150,
    -3,
    0,
    -18
  ),
  (
    'mcd_add_patty',
    'mcd_hamburger',
    'Add extra beef patty',
    110,
    10,
    0,
    7
  ),
  (
    'mcd_hold_granola',
    'mcd_fruit_yogurt_parfait',
    'Hold the granola',
    -30,
    -1,
    -7,
    -1
  ),
  (
    'wendys_add_chili_topping',
    'wendys_baked_potato_plain',
    'Top with small chili',
    170,
    12,
    17,
    6
  ),
  (
    'wendys_no_feta',
    'wendys_apple_pecan_salad',
    'No feta cheese',
    -70,
    -4,
    -1,
    -6
  ),
  (
    'wendys_drop_bun',
    'wendys_breakfast_baconator',
    'Swap brioche for English muffin',
    -80,
    0,
    -10,
    -4
  ),
  (
    'taco_skip_rice',
    'taco_cantina_bowl_chicken',
    'Hold the rice',
    -170,
    -3,
    -37,
    -2
  ),
  (
    'taco_sub_beef_chicken',
    'taco_crunchy_taco',
    'Sub beef for shredded chicken',
    -10,
    2,
    0,
    -2
  ),
  (
    'taco_add_double_beans',
    'taco_veggie_power_bowl',
    'Double black beans',
    80,
    6,
    15,
    0
  ),
  (
    'taco_fresco_crunchwrap',
    'taco_crunchwrap_supreme',
    'Make it Fresco (swap cheese and sour cream for pico)',
    -70,
    -2,
    1,
    -8
  ),
  (
    'subway_wheat_bread',
    'subway_steak_cheese_6',
    'Switch to 9-grain wheat',
    -10,
    0,
    -2,
    0
  ),
  (
    'subway_light_mayo',
    'subway_tuna_protein_bowl',
    'Light mayo instead of regular',
    -90,
    0,
    0,
    -10
  ),
  (
    'subway_add_cheese',
    'subway_veggie_delite_6',
    'Add cheese',
    45,
    2,
    0,
    4
  ),
  (
    'chipotle_no_rice',
    'chipotle_barbacoa_bowl',
    'No rice',
    -210,
    -4,
    -40,
    -4
  ),
  (
    'chipotle_half_rice',
    'chipotle_veggie_bowl',
    'Half portion of rice',
    -100,
    -2,
    -20,
    0
  ),
  (
    'chipotle_skip_cheese_kid',
    'chipotle_kids_chicken_taco',
    'Skip cheese',
    -45,
    -2,
    0,
    -4
  ),
  (
    'cfa_no_granola',
    'cfa_market_salad',
    'Hold the granola',
    -80,
    -1,
    -13,
    -2
  ),
  (
    'cfa_parfait_hold_granola',
    'cfa_greek_yogurt_parfait',
    'Hold the granola',
    -70,
    -1,
    -14,
    -2
  ),
  (
    'cfa_no_cheese_deluxe',
    'cfa_spicy_deluxe',
    'No cheese',
    -50,
    -3,
    0,
    -4
  ),
  (
    'cfa_upgrade_12',
    'cfa_grilled_nuggets_8',
    'Upgrade to 12 count',
    70,
    13,
    1,
    1
  )
on conflict (id) do update set
  restaurant_item_id = excluded.restaurant_item_id,
  modification_name = excluded.modification_name,
  calorie_delta = excluded.calorie_delta,
  protein_delta = excluded.protein_delta,
  carbs_delta = excluded.carbs_delta,
  fat_delta = excluded.fat_delta;
